MID WASH FLARE JEANS WITH DISTRESSED HEM Regular Size,JM-4-058-MW,6,6,Shop///Women's///Jeans,Pre-Order(PO),H
MID WASH FLARE JEANS WITH DISTRESSED HEM Plus Size,JM-4-058-MW-X,7,7,Shop///Women's///Jeans,Pre-Order(PO),H
TEAL ACID HIGH RISE DISTRESS WIDE LEG WITH CUFF Regular Size,DP4100-TA,6,6,Shop///Women's///Jeans,Pre-Order(PO),H
TEAL ACID HIGH RISE DISTRESS WIDE LEG WITH CUFF Plus Size,DP4100-TA-X,7,7,Shop///Women's///Jeans,Pre-Order(PO),H
PINK ACID HIGH RISE DISTRESS WIDE LEG WITH CUFF Regular Size,DP4100-PA,6,6,Shop///Women's///Jeans,Pre-Order(PO),H
PINK ACID HIGH RISE DISTRESS WIDE LEG WITH CUFF Plus Size,DP4100-PA-X,7,7,Shop///Women's///Jeans,Pre-Order(PO),H
TEAL ACID HIGH RISE DISTRESS WIDE LEG WITH CUFF Regular Size,DP4100-TA,6,6,Shop///Women's///Jeans,Pre-Order(PO),H
TEAL ACID HIGH RISE DISTRESS WIDE LEG WITH CUFF Plus Size,DP4100-TA-X,7,7,Shop///Women's///Jeans,Pre-Order(PO),H
Black Over sized Sherpa Jacket Regular Size,RJO200726BLK,6,6,Shop///Women's///Jackets & Outerwear,Pre-Order(PO),H
Black Over sized Sherpa Jacket Plus Size,RJO200726BLK-X,6,6,Shop///Women's///Jackets & Outerwear,Pre-Order(PO),H
Pink Over sized Sherpa Jacket Regular Size,RJO200726PK,6,6,Shop///Women's///Jackets & Outerwear,Pre-Order(PO),H
Pink Over sized Sherpa Jacket Plus Size,RJO200726PK-X,6,6,Shop///Women's///Jackets & Outerwear,Pre-Order(PO),H
Ivory Over sized Sherpa Jacket Regular Size,RJO200726IVY,6,6,Shop///Women's///Jackets & Outerwear,Pre-Order(PO),H
Ivory Over sized Sherpa Jacket Plus Size,RJO200726IVY-X,6,6,Shop///Women's///Jackets & Outerwear,Pre-Order(PO),H
Vintage Leopard Over sized Sherpa Jacket Regular Size,RJO200726VL,6,6,Shop///Women's///Jackets & Outerwear,Pre-Order(PO),H
Vintage Leopard Over sized Sherpa Jacket Plus Size,RJO200726VL-X,6,6,Shop///Women's///Jackets & Outerwear,Pre-Order(PO),H
Sunset Navajo Serape Print Over sized Sherpa Jacket Regular Size,RJO200726SNS,6,6,Shop///Women's///Jackets & Outerwear,Pre-Order(PO),H
Sunset Navajo Serape Print Over sized Sherpa Jacket Plus Size,RJO200726SNS-X,6,6,Shop///Women's///Jackets & Outerwear,Pre-Order(PO),H
Black Stars Print Over sized Sherpa Jacket Regular Size,RJO200726BST,6,6,Shop///Women's///Jackets & Outerwear,Pre-Order(PO),H
Black Stars Print Over sized Sherpa Jacket Plus Size,RJO200726BST-X,6,6,Shop///Women's///Jackets & Outerwear,Pre-Order(PO),H
Jade Lightweight Canvas Jacket with Mustard Turquoise Stone Leopard Sequin Sleeves Regular Size,RJO200725JD,6,6,Shop///Women's///Jackets & Outerwear,Pre-Order(PO),H
Jade Lightweight Canvas Jacket with Mustard Turquoise Stone Leopard Sequin Sleeves Plus Size,RJO200725JD-X,6,6,Shop///Women's///Jackets & Outerwear,Pre-Order(PO),H
Navy Lightweight Canvas Jacket with Charcoal Turquoise Print Sequin Sleeves Regular Size,RJO200725NVY,6,6,Shop///Women's///Jackets & Outerwear,Pre-Order(PO),H
Navy Lightweight Canvas Jacket with Charcoal Turquoise Print Sequin Sleeves Plus Size,RJO200725NVY-X,6,6,Shop///Women's///Jackets & Outerwear,Pre-Order(PO),H
Olive Lightweight Canvas Jacket with Rose Gold Sequin Sleeves Regular Size,RJO200725OLV,6,6,Shop///Women's///Jackets & Outerwear,Pre-Order(PO),H
Olive Lightweight Canvas Jacket with Rose Gold Sequin Sleeves Plus Size,RJO200725OLV-X,6,6,Shop///Women's///Jackets & Outerwear,Pre-Order(PO),H
Mustard Lightweight Canvas Jacket with Rust Star Sequin Sleeves Regular Size,RJO200725MSD,6,6,Shop///Women's///Jackets & Outerwear,Pre-Order(PO),H
Mustard Lightweight Canvas Jacket with Rust Star Sequin Sleeves Plus Size,RJO200725MSD-X,6,6,Shop///Women's///Jackets & Outerwear,Pre-Order(PO),H
Dark Teal Leopard Faux Suede Crisscross Laced Fringe Vest Regular Size,RJO200725TLE,6,6,Shop///Women's///Jackets & Outerwear,Pre-Order(PO),H
Dark Teal Leopard Faux Suede Crisscross Laced Fringe Vest Plus Size,RJO200725TLE-X,6,6,Shop///Women's///Jackets & Outerwear,Pre-Order(PO),H
Red Serape Print Faux Suede Crisscross Laced Fringe Vest Regular Size,RJO200725RS,6,6,Shop///Women's///Jackets & Outerwear,Pre-Order(PO),H
Red Serape Print Faux Suede Crisscross Laced Fringe Vest Plus Size,RJO200725RS-X,6,6,Shop///Women's///Jackets & Outerwear,Pre-Order(PO),H
Metallic Gold Star Print Faux Suede Crisscross Laced Fringe Vest Regular Size,RJO200725GST,6,6,Shop///Women's///Jackets & Outerwear,Pre-Order(PO),H
Metallic Gold Star Print Faux Suede Crisscross Laced Fringe Vest Plus Size,RJO200725GST-X,6,6,Shop///Women's///Jackets & Outerwear,Pre-Order(PO),H
Metallic Silver Cactus Print Faux Suede Crisscross Laced Fringe Vest Regular Size,RJO200725BCS,6,6,Shop///Women's///Jackets & Outerwear,Pre-Order(PO),H
Metallic Silver Cactus Print Faux Suede Crisscross Laced Fringe Vest Plus Size,RJO200725BCS-X,6,6,Shop///Women's///Jackets & Outerwear,Pre-Order(PO),H
CACTUS SERAPE OVERSIZED LONG SLEEVE TEE WITH WASH EFFECT DETAIL Regular Size,DTO200713CSER,6,6,Shop///Women's///Top,Pre-Order(PO),H
CACTUS SERAPE OVERSIZED LONG SLEEVE TEE WITH WASH EFFECT DETAIL Plus Size,DTO200713CSER-X,6,6,Shop///Women's///Top,Pre-Order(PO),H
VINTAGE CAMO OVERSIZED LONG SLEEVE TEE WITH WASH EFFECT DETAIL Regular Size,DTO200713VCAM,6,6,Shop///Women's///Top,Pre-Order(PO),H
VINTAGE CAMO OVERSIZED LONG SLEEVE TEE WITH WASH EFFECT DETAIL Plus Size,DTO200713VCAM-X,6,6,Shop///Women's///Top,Pre-Order(PO),H
VINTAGE LEOPARD OVERSIZED LONG SLEEVE TEE WITH WASH EFFECT DETAIL Regular Size,DTO200713VLEO,6,6,Shop///Women's///Top,Pre-Order(PO),H
VINTAGE LEOPARD OVERSIZED LONG SLEEVE TEE WITH WASH EFFECT DETAIL Plus Size,DTO200713VLEO-X,6,6,Shop///Women's///Top,Pre-Order(PO),H
BLACK OVERSIZED LONG SLEEVE TEE WITH WASH EFFECT DETAIL Regular Size,DTO200713BLK,6,6,Shop///Women's///Top,Pre-Order(PO),H
BLACK OVERSIZED LONG SLEEVE TEE WITH WASH EFFECT DETAIL Plus Size,DTO200713BLK-X,6,6,Shop///Women's///Top,Pre-Order(PO),H
JADE OVERSIZED LONG SLEEVE TEE WITH WASH EFFECT DETAIL Regular Size,DTO200713JA,6,6,Shop///Women's///Top,Pre-Order(PO),H
JADE OVERSIZED LONG SLEEVE TEE WITH WASH EFFECT DETAIL Plus Size,DTO200713JA-X,6,6,Shop///Women's///Top,Pre-Order(PO),H
AMBER LEOPARD LONG SLEEVE FRINGE TUNIC WITH V-NECK LINE Regular Size,DTO200714ALEO,6,6,Shop///Women's///Top,Pre-Order(PO),H
AMBER LEOPARD LONG SLEEVE FRINGE TUNIC WITH V-NECK LINE Plus Size,DTO200714ALEO-X,6,6,Shop///Women's///Top,Pre-Order(PO),H
JADE SERAPE STRIPE LONG SLEEVE FRINGE TUNIC WITH V-NECK LINE Regular Size,DTO200714JSER,6,6,Shop///Women's///Top,Pre-Order(PO),H
BLACK LONG SLEEVE FRINGE TUNIC WITH V-NECK LINE Regular Size,DTO200714BLK,6,6,Shop///Women's///Top,Pre-Order(PO),H
BLACK LONG SLEEVE FRINGE TUNIC WITH V-NECK LINE Plus Size,DTO200714BLK-X,6,6,Shop///Women's///Top,Pre-Order(PO),H
JADE LONG SLEEVE FRINGE TUNIC WITH V-NECK LINE Regular Size,DTO200714JA,6,6,Shop///Women's///Top,Pre-Order(PO),H
JADE LONG SLEEVE FRINGE TUNIC WITH V-NECK LINE Plus Size,DTO200714JA-X,6,6,Shop///Women's///Top,Pre-Order(PO),H
MUSTARD LONG SLEEVE FRINGE TUNIC WITH V-NECK LINE Regular Size,DTO200714MU,6,6,Shop///Women's///Top,Pre-Order(PO),H
MUSTARD LONG SLEEVE FRINGE TUNIC WITH V-NECK LINE Plus Size,DTO200714MU-X,6,6,Shop///Women's///Top,Pre-Order(PO),H
RED LONG SLEEVE FRINGE TUNIC WITH V-NECK LINE Regular Size,DTO200714RD,6,6,Shop///Women's///Top,Pre-Order(PO),H
RED LONG SLEEVE FRINGE TUNIC WITH V-NECK LINE Plus Size,DTO200714RD-X,6,6,Shop///Women's///Top,Pre-Order(PO),H
FUCHSIA SERAPE STRIPE WITH JADE DROPPED SHOULDER SERAPE BOMBER JACKET Regular Size,DJO200715JFJS,6,6,Shop///Women's///Jackets & Outerwear,Pre-Order(PO),H
FUCHSIA SERAPE STRIPE WITH JADE DROPPED SHOULDER SERAPE BOMBER JACKET Plus Size,DJO200715JFJS-X,6,6,Shop///Women's///Jackets & Outerwear,Pre-Order(PO),H
AMBER LEOPARD WITH DARK JADE DROPPED SHOULDER SERAPE BOMBER JACKET Regular Size,DJO200715JAL,6,6,Shop///Women's///Jackets & Outerwear,Pre-Order(PO),H
AMBER LEOPARD WITH DARK JADE DROPPED SHOULDER SERAPE BOMBER JACKET Plus Size,DJO200715JAL-X,6,6,Shop///Women's///Jackets & Outerwear,Pre-Order(PO),H
BLACK SERAPE STRIPE WITH BLACK DROPPED SHOULDER SERAPE BOMBER JACKET Regular Size,DJO200715BABS,6,6,Shop///Women's///Jackets & Outerwear,Pre-Order(PO),H
BLACK SERAPE STRIPE WITH BLACK DROPPED SHOULDER SERAPE BOMBER JACKET Plus Size,DJO200715BABS-X,6,6,Shop///Women's///Jackets & Outerwear,Pre-Order(PO),H
BLACK STAR MESH BELL SLEEVE BURNOUT WITH BLACK SEQUIN TRIM DUSTER Regular Size,RKD200801BST,6,6,Shop///Women's///KIMONOS AND DUSTERS,Pre-Order(PO),H
BLACK STAR MESH BELL SLEEVE BURNOUT WITH BLACK SEQUIN TRIM DUSTER Plus Size,RKD200801BST-X,6,6,Shop///Women's///KIMONOS AND DUSTERS,Pre-Order(PO),H
GOLD STAR MESH BELL SLEEVE BURNOUT WITH GOLD SEQUIN TRIM DUSTER Regular Size,RKD200801GST,6,6,Shop///Women's///KIMONOS AND DUSTERS,Pre-Order(PO),H
GOLD STAR MESH BELL SLEEVE BURNOUT WITH GOLD SEQUIN TRIM DUSTER Plus Size,RKD200801GST-X,6,6,Shop///Women's///KIMONOS AND DUSTERS,Pre-Order(PO),H
NEON PINK MESH WITH GREEN FLOCKED CACTUS PRINT BELL SLEEVE BURNOUT WITH NEON PINK SEQUIN TRIM DUSTER Regular Size,RKD200801CPG,6,6,Shop///Women's///KIMONOS AND DUSTERS,Pre-Order(PO),H
NEON PINK MESH WITH GREEN FLOCKED CACTUS PRINT BELL SLEEVE BURNOUT WITH NEON PINK SEQUIN TRIM DUSTER Plus Size,RKD200801CPG-X,6,6,Shop///Women's///KIMONOS AND DUSTERS,Pre-Order(PO),H
JADE MESH WITH RED FLOCKED AZTEC PRINT BELL SLEEVE BURNOUT WITH JADE SEQUIN TRIM DUSTER Regular Size,RKD200801AJR,6,6,Shop///Women's///KIMONOS AND DUSTERS,Pre-Order(PO),H
JADE MESH WITH RED FLOCKED AZTEC PRINT BELL SLEEVE BURNOUT WITH JADE SEQUIN TRIM DUSTER Plus Size,RKD200801AJR-X,6,6,Shop///Women's///KIMONOS AND DUSTERS,Pre-Order(PO),H
RED SERAPE PRINT DRAPED FAUX SUEDE VEST WITH FRINGE DETAIL Regular Size,RJO200803RS,6,6,Shop///Women's///Jackets & Outerwear,Pre-Order(PO),H
RED SERAPE PRINT DRAPED FAUX SUEDE VEST WITH FRINGE DETAIL Plus Size,RJO200803RS-X,6,6,Shop///Women's///Jackets & Outerwear,Pre-Order(PO),H
GOLD CACTUS PRINT DRAPED FAUX SUEDE VEST WITH FRINGE DETAIL Regular Size,RJO200803GC,6,6,Shop///Women's///Jackets & Outerwear,Pre-Order(PO),H
GOLD CACTUS PRINT DRAPED FAUX SUEDE VEST WITH FRINGE DETAIL Plus Size,RJO200803GC-X,6,6,Shop///Women's///Jackets & Outerwear,Pre-Order(PO),H
STARS TURQUOISE TOOLED PRINT DRAPED FAUX SUEDE VEST WITH FRINGE DETAIL Regular Size,RJO200803STQ,6,6,Shop///Women's///Jackets & Outerwear,Pre-Order(PO),H
STARS TURQUOISE TOOLED PRINT DRAPED FAUX SUEDE VEST WITH FRINGE DETAIL Plus Size,RJO200803STQ-X,6,6,Shop///Women's///Jackets & Outerwear,Pre-Order(PO),H
IRIDESCENT LEOPARD RAINBOW PRINT DRAPED FAUX SUEDE VEST WITH FRINGE DETAIL Regular Size,RJO200803ILE,6,6,Shop///Women's///Jackets & Outerwear,Pre-Order(PO),H
IRIDESCENT LEOPARD RAINBOW PRINT DRAPED FAUX SUEDE VEST WITH FRINGE DETAIL Plus Size,RJO200803ILE-X,6,6,Shop///Women's///Jackets & Outerwear,Pre-Order(PO),H
TAN COWHIDE DRAPED FAUX SUEDE VEST WITH FRINGE DETAIL Regular Size,RJO200803TCO,6,6,Shop///Women's///Jackets & Outerwear,Pre-Order(PO),H
TAN COWHIDE DRAPED FAUX SUEDE VEST WITH FRINGE DETAIL Plus Size,RJO200803TCO-X,6,6,Shop///Women's///Jackets & Outerwear,Pre-Order(PO),H
BLACK DRAPED FAUX SUEDE VEST WITH FRINGE DETAIL Regular Size,RJO200803BLK,6,6,Shop///Women's///Jackets & Outerwear,Pre-Order(PO),H
BLACK DRAPED FAUX SUEDE VEST WITH FRINGE DETAIL Plus Size,RJO200803BLK-X,6,6,Shop///Women's///Jackets & Outerwear,Pre-Order(PO),H
JADE DRAPED FAUX SUEDE VEST WITH FRINGE DETAIL Regular Size,RJO200803JD,6,6,Shop///Women's///Jackets & Outerwear,Pre-Order(PO),H
JADE DRAPED FAUX SUEDE VEST WITH FRINGE DETAIL Plus Size,RJO200803JD-X,6,6,Shop///Women's///Jackets & Outerwear,Pre-Order(PO),H
MUSTARD DRAPED FAUX SUEDE VEST WITH FRINGE DETAIL Regular Size,RJO200803MS,6,6,Shop///Women's///Jackets & Outerwear,Pre-Order(PO),H
MUSTARD DRAPED FAUX SUEDE VEST WITH FRINGE DETAIL Plus Size,RJO200803MS-X,6,6,Shop///Women's///Jackets & Outerwear,Pre-Order(PO),H
CAMEL DRAPED FAUX SUEDE VEST WITH FRINGE DETAIL Regular Size,RJO200803CML,6,6,Shop///Women's///Jackets & Outerwear,Pre-Order(PO),H
CAMEL DRAPED FAUX SUEDE VEST WITH FRINGE DETAIL Plus Size,RJO200803CML-X,6,6,Shop///Women's///Jackets & Outerwear,Pre-Order(PO),H
DARK IVORY DRAPED FAUX SUEDE VEST WITH FRINGE DETAIL Regular Size,RJO200803DIV,6,6,Shop///Women's///Jackets & Outerwear,Pre-Order(PO),H
DARK IVORY DRAPED FAUX SUEDE VEST WITH FRINGE DETAIL Plus Size,RJO200803DIV-X,6,6,Shop///Women's///Jackets & Outerwear,Pre-Order(PO),H
DISTRESSED DARK WASH Jeans VEST WITH TAN SHERPA COLLAR Regular Size,RJO200801TD,6,6,Shop///Women's///Jackets & Outerwear,Pre-Order(PO),H
DISTRESSED DARK WASH Jeans VEST WITH TAN SHERPA COLLAR Plus Size,RJO200801TD-X,6,6,Shop///Women's///Jackets & Outerwear,Pre-Order(PO),H
DISTRESSED CAMEL CORDUROY VEST WITH CREAM SHERPA COLLAR Regular Size,RJO200801CC,6,6,Shop///Women's///Jackets & Outerwear,Pre-Order(PO),H
DISTRESSED CAMEL CORDUROY VEST WITH CREAM SHERPA COLLAR Plus Size,RJO200801CC-X,6,6,Shop///Women's///Jackets & Outerwear,Pre-Order(PO),H
DISTRESSED CHOCOLATE FAUX LEATHER VEST WITH BROWN SHERPA COLLAR Regular Size,RJO200801CB,6,6,Shop///Women's///Jackets & Outerwear,Pre-Order(PO),H
DISTRESSED CHOCOLATE FAUX LEATHER VEST WITH BROWN SHERPA COLLAR Plus Size,RJO200801CB-X,6,6,Shop///Women's///Jackets & Outerwear,Pre-Order(PO),H
ROSE GOLD FAUX LEATHER VEST WITH BLACK SHERPA COLLAR Regular Size,RJO200801BR,6,6,Shop///Women's///Jackets & Outerwear,Pre-Order(PO),H
ROSE GOLD FAUX LEATHER VEST WITH BLACK SHERPA COLLAR Plus Size,RJO200801BR-X,6,6,Shop///Women's///Jackets & Outerwear,Pre-Order(PO),H
JADE SERAPE PRINTED VEST WITH TAN FUR HOOD Regular Size,RJO200802JS,6,6,Shop///Women's///Jackets & Outerwear,Pre-Order(PO),H
JADE SERAPE PRINTED VEST WITH TAN FUR HOOD Plus Size,RJO200802JS-X,6,6,Shop///Women's///Jackets & Outerwear,Pre-Order(PO),H
CACTUS SERAPE PRINTED VEST WITH TAN FUR HOOD Regular Size,RJO200802CS,6,6,Shop///Women's///Jackets & Outerwear,Pre-Order(PO),H
CACTUS SERAPE PRINTED VEST WITH TAN FUR HOOD Plus Size,RJO200802CS-X,6,6,Shop///Women's///Jackets & Outerwear,Pre-Order(PO),H
COWHIDE PRINTED VEST WITH TAN FUR HOOD Regular Size,RJO200802COW,6,6,Shop///Women's///Jackets & Outerwear,Pre-Order(PO),H
COWHIDE PRINTED VEST WITH TAN FUR HOOD Plus Size,RJO200802COW-X,6,6,Shop///Women's///Jackets & Outerwear,Pre-Order(PO),H
AMBER LEOPARD PRINTED VEST WITH BLACK FUR HOOD Regular Size,RJO200802AL,6,6,Shop///Women's///Jackets & Outerwear,Pre-Order(PO),H
AMBER LEOPARD PRINTED VEST WITH BLACK FUR HOOD Plus Size,RJO200802AL-X,6,6,Shop///Women's///Jackets & Outerwear,Pre-Order(PO),H
MEDIUM WASH MID RISE TROUSER WITH BROWN FAUX LEATHER TRIM WESTERN ACCENTS Regular Size,JJE200801MW,6,6,Shop///Women's///Jeans,Pre-Order(PO),H
MEDIUM WASH MID RISE TROUSER WITH BROWN FAUX LEATHER TRIM WESTERN ACCENTS Plus Size,JJE200801MW-X,7,7,Shop///Women's///Jeans,Pre-Order(PO),H
BROWN WASH MID RISE TROUSER WITH BROWN FAUX LEATHER TRIM WESTERN ACCENTS Regular Size,JJE200801BW,6,6,Shop///Women's///Jeans,Pre-Order(PO),H
BROWN WASH MID RISE TROUSER WITH BROWN FAUX LEATHER TRIM WESTERN ACCENTS Plus Size,JJE200801BW-X,7,7,Shop///Women's///Jeans,Pre-Order(PO),H
BLACK TO GREY OMBRE SKINNY JEANS Regular Size,JJE20082BKG,6,6,Shop///Women's///Jeans,Pre-Order(PO),H
BLACK TO GREY OMBRE SKINNY JEANS Plus Size,JJE20082BKG-X,7,7,Shop///Women's///Jeans,Pre-Order(PO),H
GREY TO CRIMSON RED OMBRE SKINNY JEANS Regular Size,JJE20082GRC,6,6,Shop///Women's///Jeans,Pre-Order(PO),H
GREY TO CRIMSON RED OMBRE SKINNY JEANS Plus Size,JJE20082GRC-X,7,7,Shop///Women's///Jeans,Pre-Order(PO),H
AMBER LEOPARD TO BLACK OMBRE SKINNY JEANS Regular Size,JJE20082ALB,6,6,Shop///Women's///Jeans,Pre-Order(PO),H
AMBER LEOPARD TO BLACK OMBRE SKINNY JEANS Plus Size,JJE20082ALB-X,7,7,Shop///Women's///Jeans,Pre-Order(PO),H
COWHIDE PRINT TO BROWN OMBRE SKINNY JEANS Regular Size,JJE20082CHB,6,6,Shop///Women's///Jeans,Pre-Order(PO),H
COWHIDE PRINT TO BROWN OMBRE SKINNY JEANS Plus Size,JJE20082CHB-X,7,7,Shop///Women's///Jeans,Pre-Order(PO),H
BLACK TO GREY OMBRE FLARE JEANS Regular Size,JJE200806BKG,6,6,Shop///Women's///Jeans,Pre-Order(PO),H
BLACK TO GREY OMBRE FLARE JEANS Plus Size,JJE200806BKG-X,7,7,Shop///Women's///Jeans,Pre-Order(PO),H
DARK TO LIGHT WASH OMBRE FLARE JEANS Regular Size,JJE200806DKL,6,6,Shop///Women's///Jeans,Pre-Order(PO),H
DARK TO LIGHT WASH OMBRE FLARE JEANS Plus Size,JJE200806DKL-X,7,7,Shop///Women's///Jeans,Pre-Order(PO),H
MUSTARD TO BLACK OMBRE FLARE JEANS Regular Size,JJE200806MUB,6,6,Shop///Women's///Jeans,Pre-Order(PO),H
MUSTARD TO BLACK OMBRE FLARE JEANS Plus Size,JJE200806MUB-X,7,7,Shop///Women's///Jeans,Pre-Order(PO),H
JADE TO BROWN OMBRE FLARE JEANS Regular Size,JJE200806JAB,6,6,Shop///Women's///Jeans,Pre-Order(PO),H
JADE TO BROWN OMBRE FLARE JEANS Plus Size,JJE200806JAB-X,7,7,Shop///Women's///Jeans,Pre-Order(PO),H
WINE TO BLACK OMBRE FLARE JEANS Regular Size,JJE200806WIB,6,6,Shop///Women's///Jeans,Pre-Order(PO),H
WINE TO BLACK OMBRE FLARE JEANS Plus Size,JJE200806WIB-X,7,7,Shop///Women's///Jeans,Pre-Order(PO),H
LIGHT WASH FLARE JEANS WITH CREASE DETAILS Regular Size,JJE200807LW,6,6,Shop///Women's///Jeans,Pre-Order(PO),H
LIGHT WASH FLARE JEANS WITH CREASE DETAILS Plus Size,JJE200807LW-X,7,7,Shop///Women's///Jeans,Pre-Order(PO),H
MEDIUM WASH FLARE JEANS WITH CREASE DETAILS Regular Size,JJE200803MW,6,6,Shop///Women's///Jeans,Pre-Order(PO),H
MEDIUM WASH FLARE JEANS WITH CREASE DETAILS Plus Size,JJE200803MW-X,7,7,Shop///Women's///Jeans,Pre-Order(PO),H
BLACK Jeans FLARE JEANS WITH CREASE DETAILS Regular Size,JJE200803BL,6,6,Shop///Women's///Jeans,Pre-Order(PO),H
BLACK Jeans FLARE JEANS WITH CREASE DETAILS Plus Size,JJE200803BL-X,7,7,Shop///Women's///Jeans,Pre-Order(PO),H
LIGHT Jeans WASH TROUSER FIT JEANS WITH BLACK LACE ACCENT ON YOKE Regular Size,JJE200804LW,6,6,Shop///Women's///Jeans,Pre-Order(PO),H
MID Jeans WASH TROUSER FIT JEANS WITH IVORY LACE ACCENT ON YOKE Regular Size,JJE200804MW,6,6,Shop///Women's///Jeans,Pre-Order(PO),H
BLACK BUTTON UP SHIRT WITH DOME STUD DETAIL ON COLLAR AND BREAST POCKETS Regular Size,JTO200804BK,6,6,Shop///Women's///Top,Pre-Order(PO),H
BLACK BUTTON UP SHIRT WITH DOME STUD DETAIL ON COLLAR AND BREAST POCKETS Plus Size,JTO200804BK-X,6,6,Shop///Women's///Top,Pre-Order(PO),H
JADE BUTTON UP SHIRT WITH DOME STUD DETAIL ON COLLAR AND BREAST POCKETS Regular Size,JTO200804JA,6,6,Shop///Women's///Top,Pre-Order(PO),H
JADE BUTTON UP SHIRT WITH DOME STUD DETAIL ON COLLAR AND BREAST POCKETS Plus Size,JTO200804JA-X,6,6,Shop///Women's///Top,Pre-Order(PO),H
AZTEC RUST SERAPE BUTTON UP SHIRT WITH DOME STUD DETAIL ON COLLAR AND BREAST POCKETS Regular Size,JTO200804ARS,6,6,Shop///Women's///Top,Pre-Order(PO),H
AZTEC RUST SERAPE BUTTON UP SHIRT WITH DOME STUD DETAIL ON COLLAR AND BREAST POCKETS Plus Size,JTO200804ARS-X,6,6,Shop///Women's///Top,Pre-Order(PO),H
WHITE BUTTON UP SHIRT WITH DOME STUD DETAIL ON COLLAR AND BREAST POCKETS Regular Size,JTO200804WH,6,6,Shop///Women's///Top,Pre-Order(PO),H
WHITE BUTTON UP SHIRT WITH DOME STUD DETAIL ON COLLAR AND BREAST POCKETS Plus Size,JTO200804WH-X,6,6,Shop///Women's///Top,Pre-Order(PO),H
AMBER LEOPARD BUTTON UP SHIRT WITH DOME STUD DETAIL ON COLLAR AND BREAST POCKETS Regular Size,JTO200804AL,6,6,Shop///Women's///Top,Pre-Order(PO),H
AMBER LEOPARD BUTTON UP SHIRT WITH DOME STUD DETAIL ON COLLAR AND BREAST POCKETS Plus Size,JTO200804AL-X,6,6,Shop///Women's///Top,Pre-Order(PO),H
OSTRICH TAN BUTTON UP SHIRT WITH DOME STUD DETAIL ON COLLAR AND BREAST POCKETS Regular Size,JTO200804OT,6,6,Shop///Women's///Top,Pre-Order(PO),H
OSTRICH TAN BUTTON UP SHIRT WITH DOME STUD DETAIL ON COLLAR AND BREAST POCKETS Plus Size,JTO200804OT-X,6,6,Shop///Women's///Top,Pre-Order(PO),H
AMBER LEOPARD SEQUIN HOLIDAY WRAP Regular Size,RKD200802AL,6,6,Shop///Women's///KIMONOS AND DUSTERS,Pre-Order(PO),H
AMBER LEOPARD SEQUIN HOLIDAY WRAP Plus Size,RKD200802AL-X,6,6,Shop///Women's///KIMONOS AND DUSTERS,Pre-Order(PO),H
RED SEQUIN HOLIDAY WRAP Regular Size,RKD200802RD,6,6,Shop///Women's///KIMONOS AND DUSTERS,Pre-Order(PO),H
RED SEQUIN HOLIDAY WRAP Plus Size,RKD200802RD-X,6,6,Shop///Women's///KIMONOS AND DUSTERS,Pre-Order(PO),H
ROSE GOLD SEQUIN HOLIDAY WRAP Regular Size,RKD200802RG,6,6,Shop///Women's///KIMONOS AND DUSTERS,Pre-Order(PO),H
ROSE GOLD SEQUIN HOLIDAY WRAP Plus Size,RKD200802RG-X,6,6,Shop///Women's///KIMONOS AND DUSTERS,Pre-Order(PO),H
EMERALD SEQUIN HOLIDAY WRAP Regular Size,RKD200802GRN,6,6,Shop///Women's///KIMONOS AND DUSTERS,Pre-Order(PO),H
EMERALD SEQUIN HOLIDAY WRAP Plus Size,RKD200802GRN-X,6,6,Shop///Women's///KIMONOS AND DUSTERS,Pre-Order(PO),H
BLACK SEQUIN HOLIDAY WRAP Regular Size,RKD200802BLK,6,6,Shop///Women's///KIMONOS AND DUSTERS,Pre-Order(PO),H
BLACK SEQUIN HOLIDAY WRAP Plus Size,RKD200802BLK-X,6,6,Shop///Women's///KIMONOS AND DUSTERS,Pre-Order(PO),H
IRIDESCENT SEQUIN HOLIDAY WRAP Regular Size,RKD200802IRI,6,6,Shop///Women's///KIMONOS AND DUSTERS,Pre-Order(PO),H
IRIDESCENT SEQUIN HOLIDAY WRAP Plus Size,RKD200802IRI-X,6,6,Shop///Women's///KIMONOS AND DUSTERS,Pre-Order(PO),H
TIE-DYE SEQUIN HOLIDAY WRAP Regular Size,RKD200802TDS,6,6,Shop///Women's///KIMONOS AND DUSTERS,Pre-Order(PO),H
TIE-DYE SEQUIN HOLIDAY WRAP Plus Size,RKD200802TDS-X,6,6,Shop///Women's///KIMONOS AND DUSTERS,Pre-Order(PO),H
VINTAGE CHARCOAL STUDDED CHUNKY MUSTARD KNIT SWEATER WITH JADE FRINGE Regular Size,RTO200802MSD,6,6,Shop///Women's///Top,Pre-Order(PO),H
VINTAGE CHARCOAL STUDDED CHUNKY MUSTARD KNIT SWEATER WITH JADE FRINGE Plus Size,RTO200802MSD-X,6,6,Shop///Women's///Top,Pre-Order(PO),H
VINTAGE SILVER STUDDED CHUNKY JADE KNIT SWEATER WITH NEON PINK FRINGE Regular Size,RTO200802JD,6,6,Shop///Women's///Top,Pre-Order(PO),H
VINTAGE SILVER STUDDED CHUNKY JADE KNIT SWEATER WITH NEON PINK FRINGE Plus Size,RTO200802JD-X,6,6,Shop///Women's///Top,Pre-Order(PO),H
VINTAGE SILVER STUDDED CHUNKY WINE KNIT SWEATER WITH BLACK FRINGE Regular Size,RTO200802WI,6,6,Shop///Women's///Top,Pre-Order(PO),H
VINTAGE SILVER STUDDED CHUNKY WINE KNIT SWEATER WITH BLACK FRINGE Plus Size,RTO200802WI-X,6,6,Shop///Women's///Top,Pre-Order(PO),H
VINTAGE SILVER STUDDED CHUNKY BLACK KNIT SWEATER WITH IVORY FRINGE Regular Size,RTO200802BLK,6,6,Shop///Women's///Top,Pre-Order(PO),H
VINTAGE SILVER STUDDED CHUNKY BLACK KNIT SWEATER WITH IVORY FRINGE Plus Size,RTO200802BLK-X,6,6,Shop///Women's///Top,Pre-Order(PO),H
RED SERAPE ASYMMETRIC TUNIC Regular Size,JTO200802RS,6,6,Shop///Women's///Top,Pre-Order(PO),H
RED SERAPE ASYMMETRIC TUNIC Plus Size,JTO200802RS-X,6,6,Shop///Women's///Top,Pre-Order(PO),H
MUSTARD SERAPE ASYMMETRIC TUNIC Regular Size,JTO200802MS,6,6,Shop///Women's///Top,Pre-Order(PO),H
MUSTARD SERAPE ASYMMETRIC TUNIC Plus Size,JTO200802MS-X,6,6,Shop///Women's///Top,Pre-Order(PO),H
TURQUOISE COWHIDE SERAPE ASYMMETRIC TUNIC Regular Size,JTO200802TCS,6,6,Shop///Women's///Top,Pre-Order(PO),H
TURQUOISE COWHIDE SERAPE ASYMMETRIC TUNIC Plus Size,JTO200802TCS-X,6,6,Shop///Women's///Top,Pre-Order(PO),H
METALLIC ROSE GOLD LEOPARD KNIT Top WITH ROSE GOLD SEQUIN SHOULDER PANELS Regular Size,RTO200803RG,6,6,Shop///Women's///Top,Pre-Order(PO),H
METALLIC ROSE GOLD LEOPARD KNIT Top WITH ROSE GOLD SEQUIN SHOULDER PANELS Plus Size,RTO200803RG-X,6,6,Shop///Women's///Top,Pre-Order(PO),H
METALLIC BLACK KNIT Top WITH AMBER LEOPARD SEQUIN SHOULDER PANELS Regular Size,RTO200803AL,6,6,Shop///Women's///Top,Pre-Order(PO),H
METALLIC BLACK KNIT Top WITH AMBER LEOPARD SEQUIN SHOULDER PANELS Plus Size,RTO200803AL-X,6,6,Shop///Women's///Top,Pre-Order(PO),H
METALLIC JADE KNIT Top WITH JADE STAR PRINT SEQUIN SHOULDER PANELS Regular Size,RTO200803ST,6,6,Shop///Women's///Top,Pre-Order(PO),H
METALLIC JADE KNIT Top WITH JADE STAR PRINT SEQUIN SHOULDER PANELS Plus Size,RTO200803ST-X,6,6,Shop///Women's///Top,Pre-Order(PO),H
METALLIC RED KNIT Top WITH RED SERAPE PRINT SEQUIN SHOULDER PANELS Regular Size,RTO200803RS,6,6,Shop///Women's///Top,Pre-Order(PO),H
METALLIC RED KNIT Top WITH RED SERAPE PRINT SEQUIN SHOULDER PANELS Plus Size,RTO200803RS-X,6,6,Shop///Women's///Top,Pre-Order(PO),H
BLACK WITH AMBER LEOPARD SEQUIN HENLEY Top Regular Size,RTO200801AL,6,6,Shop///Women's///Top,Pre-Order(PO),H
BLACK WITH AMBER LEOPARD SEQUIN HENLEY Top Plus Size,RTO200801AL-X,6,6,Shop///Women's///Top,Pre-Order(PO),H
JADE WITH JADE STAR PRINT SEQUIN HENLEY Top Regular Size,RTO200801JST,6,6,Shop///Women's///Top,Pre-Order(PO),H
JADE WITH JADE STAR PRINT SEQUIN HENLEY Top Plus Size,RTO200801JST-X,6,6,Shop///Women's///Top,Pre-Order(PO),H
DARK MUSTARD WITH CHARCOAL SERAPE PRINT SEQUIN HENLEY Top Regular Size,RTO200801CS,6,6,Shop///Women's///Top,Pre-Order(PO),H
DARK MUSTARD WITH CHARCOAL SERAPE PRINT SEQUIN HENLEY Top Plus Size,RTO200801CS-X,6,6,Shop///Women's///Top,Pre-Order(PO),H
WINE WITH AZTEC WINE SERAPE PRINT SEQUIN HENLEY Top Regular Size,RTO200801WAZ,6,6,Shop///Women's///Top,Pre-Order(PO),H
WINE WITH AZTEC WINE SERAPE PRINT SEQUIN HENLEY Top Plus Size,RTO200801WAZ-X,6,6,Shop///Women's///Top,Pre-Order(PO),H
MID WASH Jeans FACE MASK WITH EMBROIDERY,FAMA08-MW,3,3,FACE MASKS/MEDICAL SUPPLIES,Pre-Order(PO),H
LIGHT WASH Jeans FACE MASK WITH EMBROIDERY,FAMA08-LW,3,3,FACE MASKS/MEDICAL SUPPLIES,Pre-Order(PO),H
BLACK Jeans FACE MASK WITH EMBROIDERY,FAMA08-BLK,3,3,FACE MASKS/MEDICAL SUPPLIES,Pre-Order(PO),H
Charcoal with Black Fringe Trim Poncho Regular Size,AJA20072CH,6,6,Shop///Women's///Jackets & Outerwear,Pre-Order(PO),H
Charcoal with Black Fringe Trim Poncho Plus Size,AJA20072CH-X,6,6,Shop///Women's///Jackets & Outerwear,Pre-Order(PO),H
Navy White with Navy Fringe Trim Poncho Regular Size,AJA20072NV,6,6,Shop///Women's///Jackets & Outerwear,Pre-Order(PO),H
Navy White with Navy Fringe Trim Poncho Plus Size,AJA20072NV-X,6,6,Shop///Women's///Jackets & Outerwear,Pre-Order(PO),H
Maroon Orange with Maroon Fringe Trim Poncho Regular Size,AJA20072MO,6,6,Shop///Women's///Jackets & Outerwear,Pre-Order(PO),H
Maroon Orange with Maroon Fringe Trim Poncho Plus Size,AJA20072MO-X,6,6,Shop///Women's///Jackets & Outerwear,Pre-Order(PO),H
BLACK TOOLED LEATHER PRINT HIGH LOW Dresses WITH VELVET BURNOUT DETAIL Regular Size,DDR200801BLKT,6,6,Shop///Women's///Dresses,Pre-Order(PO),H
BLACK TOOLED LEATHER PRINT HIGH LOW Dresses WITH VELVET BURNOUT DETAIL Plus Size,DDR200801BLKT-X,6,6,Shop///Women's///Dresses,Pre-Order(PO),H
JADE PATTERN PRINT HIGH LOW Dresses WITH VELVET BURNOUT DETAIL Regular Size,DDR200801JADT,6,6,Shop///Women's///Dresses,Pre-Order(PO),H
JADE PATTERN PRINT HIGH LOW Dresses WITH VELVET BURNOUT DETAIL Plus Size,DDR200801JADT-X,6,6,Shop///Women's///Dresses,Pre-Order(PO),H
WINE TOOLED LEATHER PRINT HIGH LOW Dresses WITH VELVET BURNOUT DETAIL Regular Size,DDR200801WINT,6,6,Shop///Women's///Dresses,Pre-Order(PO),H
WINE TOOLED LEATHER PRINT HIGH LOW Dresses WITH VELVET BURNOUT DETAIL Plus Size,DDR200801WINT-X,6,6,Shop///Women's///Dresses,Pre-Order(PO),H
BROWN STARS PRINTED FRINGE DUSTER Regular Size,RKD200803BST,6,6,Shop///Women's///KIMONOS AND DUSTERS,Pre-Order(PO),H
BROWN STARS PRINTED FRINGE DUSTER Plus Size,RKD200803BST-X,6,6,Shop///Women's///KIMONOS AND DUSTERS,Pre-Order(PO),H
CACTUS SERAPE PRINTED FRINGE DUSTER Regular Size,RKD200803CS,6,6,Shop///Women's///KIMONOS AND DUSTERS,Pre-Order(PO),H
CACTUS SERAPE PRINTED FRINGE DUSTER Plus Size,RKD200803CS-X,6,6,Shop///Women's///KIMONOS AND DUSTERS,Pre-Order(PO),H
OSTRICH COGNAC PRINTED FRINGE DUSTER Regular Size,RKD200803OC,6,6,Shop///Women's///KIMONOS AND DUSTERS,Pre-Order(PO),H
OSTRICH COGNAC PRINTED FRINGE DUSTER Plus Size,RKD200803OC-X,6,6,Shop///Women's///KIMONOS AND DUSTERS,Pre-Order(PO),H
FALL TIE-DYE PRINTED FRINGE DUSTER Regular Size,RKD200803FTD,6,6,Shop///Women's///KIMONOS AND DUSTERS,Pre-Order(PO),H
FALL TIE-DYE PRINTED FRINGE DUSTER Plus Size,RKD200803FTD-X,6,6,Shop///Women's///KIMONOS AND DUSTERS,Pre-Order(PO),H
BLACK AZTEC SERAPE PRINTED FRINGE DUSTER Regular Size,BASIC-43-BAS,6,6,Shop///Women's///KIMONOS AND DUSTERS,Pre-Order(PO),H
BLACK AZTEC SERAPE PRINTED FRINGE DUSTER Plus Size,BASIC-43-BAS-X,6,6,Shop///Women's///KIMONOS AND DUSTERS,Pre-Order(PO),H
VINTAGE LEOPARD PRINTED FRINGE DUSTER Regular Size,BASIC-43-VL,6,6,Shop///Women's///KIMONOS AND DUSTERS,Pre-Order(PO),H
VINTAGE LEOPARD PRINTED FRINGE DUSTER Plus Size,BASIC-43-VL-X,6,6,Shop///Women's///KIMONOS AND DUSTERS,Pre-Order(PO),H
VINTAGE CAMO PRINTED FRINGE DUSTER Regular Size,BASIC-43-VC,6,6,Shop///Women's///KIMONOS AND DUSTERS,Pre-Order(PO),H
VINTAGE CAMO PRINTED FRINGE DUSTER Plus Size,BASIC-43-VC-X,6,6,Shop///Women's///KIMONOS AND DUSTERS,Pre-Order(PO),H
BLACK PRINTED FRINGE DUSTER Regular Size,BASIC-43-BLK,6,6,Shop///Women's///KIMONOS AND DUSTERS,Pre-Order(PO),H
BLACK PRINTED FRINGE DUSTER Plus Size,BASIC-43-BLK-X,6,6,Shop///Women's///KIMONOS AND DUSTERS,Pre-Order(PO),H
JADE PRINTED FRINGE DUSTER Regular Size,BASIC-43-JD,6,6,Shop///Women's///KIMONOS AND DUSTERS,Pre-Order(PO),H
JADE PRINTED FRINGE DUSTER Plus Size,BASIC-43-JD-X,6,6,Shop///Women's///KIMONOS AND DUSTERS,Pre-Order(PO),H
NEON PINK PRINTED FRINGE DUSTER Regular Size,BASIC-43-NP,6,6,Shop///Women's///KIMONOS AND DUSTERS,Pre-Order(PO),H
NEON PINK PRINTED FRINGE DUSTER Plus Size,BASIC-43-NP-X,6,6,Shop///Women's///KIMONOS AND DUSTERS,Pre-Order(PO),H
MUSTARD PRINTED FRINGE DUSTER Regular Size,BASIC-43-MSD,6,6,Shop///Women's///KIMONOS AND DUSTERS,Pre-Order(PO),H
MUSTARD PRINTED FRINGE DUSTER Plus Size,BASIC-43-MSD-X,6,6,Shop///Women's///KIMONOS AND DUSTERS,Pre-Order(PO),H
WINE PRINTED FRINGE DUSTER Regular Size,BASIC-43-WI,6,6,Shop///Women's///KIMONOS AND DUSTERS,Pre-Order(PO),H
WINE PRINTED FRINGE DUSTER Plus Size,BASIC-43-WI-X,6,6,Shop///Women's///KIMONOS AND DUSTERS,Pre-Order(PO),H
CHARCOAL PRINTED FRINGE DUSTER Regular Size,BASIC-43-CHL,6,6,Shop///Women's///KIMONOS AND DUSTERS,Pre-Order(PO),H
CHARCOAL PRINTED FRINGE DUSTER Plus Size,BASIC-43-CHL-X,6,6,Shop///Women's///KIMONOS AND DUSTERS,Pre-Order(PO),H
AMBER LEOPARD STUDDED CAGE NECKLINE Top Regular Size,RTO200805AL,6,6,Shop///Women's///Top,Pre-Order(PO),H
AMBER LEOPARD STUDDED CAGE NECKLINE Top Plus Size,RTO200805AL-X,6,6,Shop///Women's///Top,Pre-Order(PO),H
FALL STAR TIE-DYE STUDDED CAGE NECKLINE Top Regular Size,RTO200805FST,6,6,Shop///Women's///Top,Pre-Order(PO),H
FALL STAR TIE-DYE STUDDED CAGE NECKLINE Top Plus Size,RTO200805FST-X,6,6,Shop///Women's///Top,Pre-Order(PO),H
BLACK SERAPE STUDDED CAGE NECKLINE Top Regular Size,RTO200805BSP,6,6,Shop///Women's///Top,Pre-Order(PO),H
BLACK SERAPE STUDDED CAGE NECKLINE Top Plus Size,RTO200805BSP-X,6,6,Shop///Women's///Top,Pre-Order(PO),H
COW PRINT PINK STUDDED CAGE NECKLINE Top Regular Size,RTO200805PCW,6,6,Shop///Women's///Top,Pre-Order(PO),H
COWHIDE STAR FLARE SLEEVE BODY SUIT Regular Size,RTO200804CST,6,6,Shop///Women's///Top,Pre-Order(PO),H
BLACK SERAPE FLARE SLEEVE BODY SUIT Regular Size,RTO200804BSP,6,6,Shop///Women's///Top,Pre-Order(PO),H
WESTERN ELEMENT BURGUNDY FLARE SLEEVE BODY SUIT Regular Size,RTO200804WE,6,6,Shop///Women's///Top,Pre-Order(PO),H
AMBER LEOPARD FLARE SLEEVE BODY SUIT Regular Size,RTO200804AL,6,6,Shop///Women's///Top,Pre-Order(PO),H
BROWN TOOLED LEATHER FLARE SLEEVE BODY SUIT Regular Size,RTO200804BTL,6,6,Shop///Women's///Top,Pre-Order(PO),H
RUST STARS FLARE SLEEVE BODY SUIT Regular Size,RTO200804RS,6,6,Shop///Women's///Top,Pre-Order(PO),H
NEON TIE DYE RELAXED FIT PRINTED KIMONO Regular Size,RKD200804NTD,6,6,Shop///Women's///KIMONOS AND DUSTERS,Pre-Order(PO),H
NEON TIE DYE RELAXED FIT PRINTED KIMONO Plus Size,RKD200804NTD-X,6,6,Shop///Women's///KIMONOS AND DUSTERS,Pre-Order(PO),H
MUSTARD LEOPARD PRINT RELAXED FIT PRINTED KIMONO Regular Size,RKD200804MLE,6,6,Shop///Women's///KIMONOS AND DUSTERS,Pre-Order(PO),H
MUSTARD LEOPARD PRINT RELAXED FIT PRINTED KIMONO Plus Size,RKD200804MLE-X,6,6,Shop///Women's///KIMONOS AND DUSTERS,Pre-Order(PO),H
LEO NAVAJO SERAPE PRINT RELAXED FIT PRINTED KIMONO Regular Size,RKD200804LEN,6,6,Shop///Women's///KIMONOS AND DUSTERS,Pre-Order(PO),H
LEO NAVAJO SERAPE PRINT RELAXED FIT PRINTED KIMONO Plus Size,RKD200804LEN-X,6,6,Shop///Women's///KIMONOS AND DUSTERS,Pre-Order(PO),H
SPRING BUFFALO IVORY PRINT RELAXED FIT PRINTED KIMONO Regular Size,RKD200804IVB,6,6,Shop///Women's///KIMONOS AND DUSTERS,Pre-Order(PO),H
SPRING BUFFALO IVORY PRINT RELAXED FIT PRINTED KIMONO Plus Size,RKD200804IVB-X,6,6,Shop///Women's///KIMONOS AND DUSTERS,Pre-Order(PO),H
PINK LIGHTNING BOLT PRINT RELAXED FIT PRINTED KIMONO Regular Size,RKD200804PLB,6,6,Shop///Women's///KIMONOS AND DUSTERS,Pre-Order(PO),H
PINK LIGHTNING BOLT PRINT RELAXED FIT PRINTED KIMONO Plus Size,RKD200804PLB-X,6,6,Shop///Women's///KIMONOS AND DUSTERS,Pre-Order(PO),H
BLACK CACTUS PRINT RELAXED FIT PRINTED KIMONO Regular Size,RKD200804BC,6,6,Shop///Women's///KIMONOS AND DUSTERS,Pre-Order(PO),H
BLACK CACTUS PRINT RELAXED FIT PRINTED KIMONO Plus Size,RKD200804BC-X,6,6,Shop///Women's///KIMONOS AND DUSTERS,Pre-Order(PO),H